商品ID,商品名,カテゴリ,価格,在庫状況,在庫数
P-0001,磁器プレート ホワイト S,テーブルウェア,1260,在庫あり,102
P-0002,クリップボード グレー S,文房具,540,在庫あり,49
P-0003,観葉植物ポット テラコッタ L,インテリア雑貨,2070,在庫あり,104
P-0004,フォトフレーム ブルーグレー L,インテリア雑貨,1720,在庫あり,94
P-0005,シャワーラック ネイビー S,バス・洗面,1440,在庫あり,85
P-0006,箸置きセット カーキ L,テーブルウェア,800,在庫あり,98
P-0007,焚き火台 テラコッタ S,アウトドア,7650,在庫あり,107
P-0008,ハンガーラック ベージュ L,収納用品,5180,在庫あり,56
P-0009,ランチョンマット カーキ L,テーブルウェア,690,在庫あり,73
P-0010,収納ボックス ベージュ S,収納用品,1170,在庫あり,10
P-0011,シューズラック カーキ M,収納用品,2200,在庫あり,43
P-0012,シリコン調理スプーン カーキ M,キッチン用品,700,残りわずか,3
P-0013,フラワーベース ベージュ L,インテリア雑貨,2530,在庫切れ,0
P-0014,ガラス保存容器 ブルーグレー S,キッチン用品,900,在庫切れ,0
P-0015,ランドリーバスケット ブルーグレー M,バス・洗面,1800,在庫あり,62
P-0016,保冷バッグ ネイビー M,アウトドア,1800,在庫あり,85
P-0017,シャープペンシル ホワイト S,文房具,400,在庫あり,118
P-0018,保冷バッグ グレー M,アウトドア,1800,在庫あり,98
P-0019,観葉植物ポット ブルーグレー L,インテリア雑貨,2070,在庫あり,60
P-0020,オイルボトル グレー M,キッチン用品,800,在庫あり,88
P-0021,クッションカバー テラコッタ L,インテリア雑貨,1840,残りわずか,9
P-0022,キッチンばさみ グレー L,キッチン用品,1380,在庫あり,49
P-0023,ワイヤーバスケット グレー L,収納用品,1610,在庫あり,103
P-0024,磁器プレート ブラック M,テーブルウェア,1400,在庫あり,43
P-0025,シリコン調理スプーン ホワイト L,キッチン用品,800,残りわずか,3
P-0026,保冷バッグ カーキ L,アウトドア,2070,在庫あり,25
P-0027,今治タオル テラコッタ M,バス・洗面,1200,在庫あり,16
P-0028,磁器プレート ベージュ L,テーブルウェア,1610,残りわずか,9
P-0029,キッチンタイマー カーキ S,キッチン用品,810,在庫あり,29
P-0030,豆皿 グレー S,テーブルウェア,450,在庫あり,73
P-0031,クリアファイル10枚組 グレー M,文房具,400,残りわずか,7
P-0032,キッチンばさみ ホワイト S,キッチン用品,1080,在庫あり,71
P-0033,アロマディフューザー グレー S,インテリア雑貨,3150,在庫あり,91
P-0034,キャンドルホルダー ブラック L,インテリア雑貨,1490,在庫あり,61
P-0035,キャスター付きワゴン ネイビー M,収納用品,4800,在庫あり,34
P-0036,壁掛け時計 ベージュ L,インテリア雑貨,3220,在庫あり,72
P-0037,吊り下げ収納 ベージュ L,収納用品,1380,残りわずか,4
P-0038,収納ボックス ベージュ M,収納用品,1300,在庫あり,58
P-0039,書類トレー カーキ S,収納用品,900,在庫あり,71
P-0040,珪藻土水切りマット ブラック M,キッチン用品,1300,在庫あり,88
P-0041,ブランケット ホワイト M,インテリア雑貨,3000,在庫あり,80
P-0042,木製カトラリーセット ベージュ M,テーブルウェア,1800,在庫あり,112
P-0043,箸置きセット テラコッタ S,テーブルウェア,630,在庫あり,36
P-0044,ステンレスピーラー ホワイト S,キッチン用品,580,在庫あり,37
P-0045,クリアファイル10枚組 ベージュ S,文房具,360,在庫あり,107
P-0046,ステンレスピーラー テラコッタ L,キッチン用品,750,在庫あり,89
P-0047,キャンドルホルダー ベージュ M,インテリア雑貨,1300,在庫あり,111
P-0048,シューズラック カーキ S,収納用品,1980,在庫あり,57
P-0049,キッチンばさみ ホワイト M,キッチン用品,1200,在庫あり,110
P-0050,クリアファイル10枚組 ブラック M,文房具,400,在庫あり,22
P-0051,キャンドルホルダー グレー L,インテリア雑貨,1490,在庫あり,120
P-0052,修正テープ グレー L,文房具,320,在庫あり,89
P-0053,磁器プレート テラコッタ S,テーブルウェア,1260,在庫あり,67
P-0054,ステンレスピーラー ネイビー S,キッチン用品,580,在庫あり,113
P-0055,ホーロー両手鍋 ベージュ S,キッチン用品,2880,在庫あり,42
P-0056,ティーポット ネイビー L,テーブルウェア,2760,在庫あり,116
P-0057,竹製菜箸 ベージュ S,キッチン用品,400,在庫あり,55
P-0058,ステンレスタンブラー ブルーグレー M,キッチン用品,1400,残りわずか,9
P-0059,ドライフラワースワッグ ネイビー L,インテリア雑貨,2760,在庫あり,32
P-0060,ランドリーバスケット ネイビー S,バス・洗面,1620,在庫あり,37
P-0061,布団収納袋 ネイビー M,収納用品,1600,在庫あり,42
P-0062,計量カップ ネイビー S,キッチン用品,450,在庫あり,102
P-0063,ゲルインクボールペン ブラック M,文房具,180,在庫あり,22
P-0064,シャワーラック グレー M,バス・洗面,1600,残りわずか,1
P-0065,耐熱グラス グレー S,テーブルウェア,810,在庫あり,82
P-0066,ランチョンマット テラコッタ L,テーブルウェア,690,在庫あり,113
P-0067,磁器プレート ホワイト L,テーブルウェア,1610,在庫あり,63
P-0068,ティーポット ブラック M,テーブルウェア,2400,在庫あり,65
P-0069,ダブルクリップ ホワイト S,文房具,200,在庫あり,45
P-0070,ウォールシェルフ テラコッタ L,インテリア雑貨,2990,在庫あり,14
P-0071,焚き火台 テラコッタ L,アウトドア,9780,在庫あり,102
P-0072,蛍光マーカー ブルーグレー S,文房具,180,在庫あり,35
P-0073,蛍光マーカー ブルーグレー L,文房具,230,在庫あり,20
P-0074,収納ボックス テラコッタ L,収納用品,1490,在庫あり,107
P-0075,キャスター付きワゴン ベージュ S,収納用品,4320,在庫あり,88
P-0076,ヘキサタープ ブルーグレー S,アウトドア,6750,在庫あり,105
P-0077,ドライフラワースワッグ ネイビー M,インテリア雑貨,2400,在庫あり,65
P-0078,蕎麦猪口 ベージュ M,テーブルウェア,800,在庫あり,80
P-0079,バススポンジ ベージュ S,バス・洗面,360,在庫あり,116
P-0080,珪藻土水切りマット ブラック S,キッチン用品,1170,在庫あり,76
P-0081,耐熱グラス ホワイト S,テーブルウェア,810,在庫あり,115
P-0082,封筒型寝袋 ホワイト L,アウトドア,7470,在庫あり,82
P-0083,ステンレスタンブラー ベージュ L,キッチン用品,1610,残りわずか,4
P-0084,修正テープ ネイビー S,文房具,250,在庫あり,82
P-0085,ホーロー両手鍋 テラコッタ L,キッチン用品,3680,在庫あり,28
P-0086,定規セット ベージュ S,文房具,270,在庫あり,78
P-0087,ティーポット カーキ M,テーブルウェア,2400,在庫あり,38
P-0088,蛍光マーカー ホワイト S,文房具,180,在庫あり,113
P-0089,蕎麦猪口 グレー S,テーブルウェア,720,残りわずか,9
P-0090,洗面器 テラコッタ L,バス・洗面,800,在庫あり,45
P-0091,バスピロー グレー L,バス・洗面,1260,在庫あり,101
P-0092,アルミローテーブル ベージュ S,アウトドア,4050,在庫あり,112
P-0093,ダブルクリップ ベージュ L,文房具,250,在庫あり,78
P-0094,付箋セット ホワイト L,文房具,400,在庫あり,111
P-0095,吊り下げ収納 ネイビー S,収納用品,1080,在庫あり,36
P-0096,クッカーセット カーキ M,アウトドア,4200,在庫あり,72
P-0097,ティーポット ホワイト M,テーブルウェア,2400,在庫あり,101
P-0098,書類トレー ホワイト S,収納用品,900,在庫あり,24
P-0099,A5ノート ブルーグレー M,文房具,320,在庫あり,16
P-0100,バスピロー ブルーグレー L,バス・洗面,1260,在庫あり,49
P-0101,シリコン調理スプーン ベージュ M,キッチン用品,700,在庫あり,60
P-0102,マスキングテープ テラコッタ M,文房具,250,在庫あり,20
P-0103,ダブルクリップ ホワイト L,文房具,250,在庫あり,67
P-0104,キャスター付きワゴン ホワイト S,収納用品,4320,在庫あり,71
P-0105,洗面器 ブルーグレー S,バス・洗面,630,在庫あり,91
P-0106,フラワーベース ベージュ S,インテリア雑貨,1980,在庫あり,19
P-0107,磁器プレート ブラック L,テーブルウェア,1610,残りわずか,8
P-0108,洗面器 ホワイト S,バス・洗面,630,在庫あり,64
P-0109,ペグセット ベージュ M,アウトドア,1500,在庫あり,50
P-0110,マスキングテープ グレー S,文房具,220,残りわずか,1
P-0111,マスキングテープ グレー M,文房具,250,在庫あり,52
P-0112,鍋つかみミトン ベージュ S,キッチン用品,540,在庫あり,114
P-0113,ソープディスペンサー ネイビー S,バス・洗面,810,在庫あり,103
P-0114,ワイヤーバスケット カーキ M,収納用品,1400,在庫あり,113
P-0115,ペグセット ブラック S,アウトドア,1350,在庫あり,38
P-0116,バスマット ブラック S,バス・洗面,1350,在庫あり,35
P-0117,フラワーベース テラコッタ M,インテリア雑貨,2200,在庫あり,39
P-0118,保冷バッグ グレー S,アウトドア,1620,残りわずか,9
P-0119,マグカップ グレー M,テーブルウェア,1000,在庫あり,49
P-0120,木製カトラリーセット ブラック S,テーブルウェア,1620,在庫あり,22
P-0121,クリアファイル10枚組 カーキ M,文房具,400,在庫あり,24
P-0122,焚き火台 ブラック L,アウトドア,9780,在庫あり,73
P-0123,事務はさみ テラコッタ M,文房具,480,在庫あり,47
P-0124,アルミローテーブル ベージュ L,アウトドア,5180,在庫あり,99
P-0125,LEDランタン ブラック M,アウトドア,2800,在庫あり,120
P-0126,シャワーラック カーキ M,バス・洗面,1600,在庫あり,104
P-0127,ステンレスざる ブラック L,キッチン用品,1260,在庫あり,110
P-0128,アルミローテーブル ブルーグレー M,アウトドア,4500,残りわずか,5
P-0129,シューズラック ネイビー L,収納用品,2530,残りわずか,2
P-0130,歯ブラシスタンド ブルーグレー L,バス・洗面,580,在庫あり,30
P-0131,クリップボード ブルーグレー S,文房具,540,在庫あり,24
P-0132,仕切りケース ベージュ M,収納用品,800,在庫あり,86
P-0133,事務はさみ カーキ M,文房具,480,在庫あり,47
P-0134,LEDランタン テラコッタ M,アウトドア,2800,在庫あり,12
P-0135,クリップボード ホワイト L,文房具,690,在庫あり,39
P-0136,鍋つかみミトン カーキ S,キッチン用品,540,在庫あり,73
P-0137,竹製菜箸 ホワイト L,キッチン用品,520,在庫あり,115
P-0138,今治タオル ホワイト M,バス・洗面,1200,在庫あり,45
P-0139,キャスター付きワゴン テラコッタ S,収納用品,4320,在庫あり,86
P-0140,付箋セット ネイビー L,文房具,400,在庫あり,82
P-0141,万年筆カートリッジ ホワイト S,文房具,500,在庫あり,97
P-0142,珪藻土水切りマット テラコッタ M,キッチン用品,1300,残りわずか,4
P-0143,カレー皿 ホワイト L,テーブルウェア,1380,在庫あり,34
P-0144,フォトフレーム ネイビー S,インテリア雑貨,1350,在庫あり,80
P-0145,焚き火台 ブラック M,アウトドア,8500,在庫あり,68
P-0146,クッカーセット テラコッタ M,アウトドア,4200,在庫あり,35
P-0147,ヘキサタープ ネイビー S,アウトドア,6750,在庫あり,53
P-0148,ホーロー両手鍋 ブルーグレー S,キッチン用品,2880,残りわずか,7
P-0149,耐熱グラス ベージュ L,テーブルウェア,1040,在庫あり,101
P-0150,アルミローテーブル ネイビー L,アウトドア,5180,在庫あり,43
P-0151,ホーロー両手鍋 カーキ S,キッチン用品,2880,在庫あり,32
P-0152,ドライフラワースワッグ ベージュ M,インテリア雑貨,2400,在庫あり,54
P-0153,カレー皿 ブラック S,テーブルウェア,1080,在庫あり,82
P-0154,蛍光マーカー ネイビー S,文房具,180,在庫あり,110
P-0155,クッカーセット ブルーグレー S,アウトドア,3780,残りわずか,1
P-0156,マスキングテープ ブルーグレー M,文房具,250,在庫あり,94
P-0157,歯ブラシスタンド ネイビー M,バス・洗面,500,在庫あり,31
P-0158,ヘキサタープ カーキ L,アウトドア,8620,在庫あり,34
P-0159,蛍光マーカー カーキ M,文房具,200,在庫あり,81
P-0160,竹製菜箸 ネイビー L,キッチン用品,520,在庫あり,83
P-0161,ラグマット グレー S,インテリア雑貨,4950,在庫あり,10
P-0162,蕎麦猪口 グレー M,テーブルウェア,800,在庫あり,53
P-0163,キッチンばさみ ネイビー L,キッチン用品,1380,在庫切れ,0
P-0164,仕切りケース ブルーグレー L,収納用品,920,在庫あり,88
P-0165,キッチンばさみ カーキ L,キッチン用品,1380,在庫あり,15
P-0166,書類トレー ベージュ L,収納用品,1150,在庫あり,107
P-0167,ブランケット ネイビー S,インテリア雑貨,2700,在庫あり,105
P-0168,シューズラック ネイビー S,収納用品,1980,在庫あり,106
P-0169,ラグマット ネイビー S,インテリア雑貨,4950,在庫あり,47
P-0170,洗面器 ホワイト L,バス・洗面,800,在庫あり,105
P-0171,ランチョンマット カーキ S,テーブルウェア,540,在庫あり,34
P-0172,封筒型寝袋 テラコッタ S,アウトドア,5850,在庫あり,86
P-0173,磁器プレート ブラック S,テーブルウェア,1260,在庫あり,69
P-0174,サラダボウル カーキ M,テーブルウェア,1300,在庫あり,113
P-0175,耐熱グラス ブラック L,テーブルウェア,1040,在庫あり,69
P-0176,ヘアドライタオル グレー L,バス・洗面,920,在庫あり,53
P-0177,ハンガーラック カーキ S,収納用品,4050,在庫あり,20
P-0178,バスマット ブルーグレー M,バス・洗面,1500,在庫あり,75
P-0179,クリアファイル10枚組 ブラック L,文房具,460,在庫あり,14
P-0180,LEDテーブルランプ ネイビー M,インテリア雑貨,3200,在庫あり,110
P-0181,木製カッティングボード カーキ L,キッチン用品,2070,残りわずか,4
P-0182,ペグセット グレー M,アウトドア,1500,在庫あり,30
P-0183,蛍光マーカー テラコッタ S,文房具,180,在庫あり,42
P-0184,キャスター付きワゴン ブルーグレー L,収納用品,5520,残りわずか,4
P-0185,計量カップ ブルーグレー L,キッチン用品,580,在庫あり,32
P-0186,保冷バッグ ブルーグレー L,アウトドア,2070,在庫あり,27
P-0187,クッカーセット ホワイト L,アウトドア,4830,在庫あり,23
P-0188,ワイヤーバスケット ベージュ M,収納用品,1400,残りわずか,2
P-0189,吊り下げ収納 ネイビー L,収納用品,1380,在庫あり,81
P-0190,クリアファイル10枚組 ホワイト S,文房具,360,在庫あり,24
P-0191,ステンレスピーラー グレー L,キッチン用品,750,在庫切れ,0
P-0192,ステンレスタンブラー グレー M,キッチン用品,1400,在庫あり,96
P-0193,豆皿 ブラック M,テーブルウェア,500,在庫あり,19
P-0194,押入れ収納ケース ブラック S,収納用品,2160,在庫あり,22
P-0195,キャンドルホルダー テラコッタ L,インテリア雑貨,1490,在庫あり,77
P-0196,珪藻土バスマット テラコッタ S,バス・洗面,1980,残りわずか,3
P-0197,ガラス保存容器 ブルーグレー L,キッチン用品,1150,在庫あり,55
P-0198,ティーポット テラコッタ S,テーブルウェア,2160,在庫あり,29
P-0199,ペグセット グレー S,アウトドア,1350,在庫あり,91
P-0200,カレー皿 カーキ S,テーブルウェア,1080,在庫あり,14
P-0201,吊り下げ収納 グレー M,収納用品,1200,在庫あり,40
P-0202,ブランケット ブルーグレー S,インテリア雑貨,2700,在庫あり,83
P-0203,ホーロー両手鍋 ホワイト L,キッチン用品,3680,在庫あり,115
P-0204,焚き火台 グレー M,アウトドア,8500,在庫あり,102
P-0205,折りたたみチェア ブラック M,アウトドア,3500,在庫切れ,0
P-0206,ヘキサタープ ブルーグレー M,アウトドア,7500,在庫あり,63
P-0207,鍋つかみミトン ブラック L,キッチン用品,690,在庫あり,18
P-0208,ペグセット ベージュ L,アウトドア,1720,在庫あり,110
P-0209,豆皿 ブルーグレー M,テーブルウェア,500,在庫あり,72
P-0210,修正テープ ブルーグレー S,文房具,250,残りわずか,8
P-0211,キッチンタイマー ホワイト L,キッチン用品,1040,在庫あり,90
P-0212,保冷バッグ ホワイト S,アウトドア,1620,在庫あり,107
P-0213,折りたたみチェア ネイビー L,アウトドア,4020,在庫あり,106
P-0214,洗面器 ベージュ L,バス・洗面,800,在庫あり,114
P-0215,ゲルインクボールペン ベージュ L,文房具,210,残りわずか,6
P-0216,フォトフレーム グレー L,インテリア雑貨,1720,在庫あり,46
P-0217,ブランケット ブラック M,インテリア雑貨,3000,在庫あり,12
P-0218,ホーロー両手鍋 ブラック L,キッチン用品,3680,在庫あり,47
P-0219,キッチンばさみ ブラック M,キッチン用品,1200,在庫あり,29
P-0220,クッカーセット ネイビー S,アウトドア,3780,在庫あり,51
P-0221,フォトフレーム カーキ L,インテリア雑貨,1720,在庫あり,38
P-0222,豆皿 ブルーグレー L,テーブルウェア,580,在庫あり,77
P-0223,シャワーラック カーキ S,バス・洗面,1440,在庫あり,74
P-0224,オイルボトル グレー L,キッチン用品,920,在庫あり,47
P-0225,ホッチキス ブルーグレー L,文房具,860,在庫あり,39
P-0226,キャンドルホルダー ブラック M,インテリア雑貨,1300,在庫あり,37
P-0227,ステンレスピーラー ブルーグレー L,キッチン用品,750,在庫あり,106
P-0228,洗面器 ベージュ S,バス・洗面,630,在庫あり,60
P-0229,LEDテーブルランプ ベージュ L,インテリア雑貨,3680,在庫あり,111
P-0230,シューズラック テラコッタ L,収納用品,2530,在庫あり,31
P-0231,定規セット ベージュ L,文房具,340,在庫あり,75
P-0232,定規セット ブラック S,文房具,270,在庫あり,86
P-0233,ガラス保存容器 ベージュ L,キッチン用品,1150,在庫あり,24
P-0234,収納ボックス テラコッタ M,収納用品,1300,在庫あり,10
P-0235,ガラス保存容器 ホワイト L,キッチン用品,1150,残りわずか,5
P-0236,バスマット グレー S,バス・洗面,1350,残りわずか,6
P-0237,布団収納袋 カーキ L,収納用品,1840,在庫あり,51
P-0238,ステンレスタンブラー カーキ L,キッチン用品,1610,残りわずか,6
P-0239,珪藻土水切りマット ブラック L,キッチン用品,1490,残りわずか,7
P-0240,折りたたみチェア カーキ S,アウトドア,3150,在庫あり,60
P-0241,シャワーラック テラコッタ L,バス・洗面,1840,在庫切れ,0
P-0242,封筒型寝袋 ベージュ S,アウトドア,5850,在庫あり,63
P-0243,バススポンジ テラコッタ M,バス・洗面,400,在庫あり,11
P-0244,フラワーベース テラコッタ L,インテリア雑貨,2530,在庫あり,75
P-0245,箸置きセット カーキ M,テーブルウェア,700,在庫あり,12
P-0246,キャンドルホルダー ベージュ S,インテリア雑貨,1170,在庫あり,111
P-0247,シリコン調理スプーン ネイビー M,キッチン用品,700,残りわずか,5
P-0248,ステンレスピーラー カーキ M,キッチン用品,650,残りわずか,1
P-0249,ヘアドライタオル カーキ S,バス・洗面,720,在庫あり,105
P-0250,カレー皿 ネイビー S,テーブルウェア,1080,在庫あり,58
P-0251,キャンドルホルダー ブルーグレー L,インテリア雑貨,1490,残りわずか,6
P-0252,ソープディスペンサー ブルーグレー S,バス・洗面,810,在庫あり,21
P-0253,バスマット ホワイト S,バス・洗面,1350,在庫あり,11
P-0254,バススポンジ ホワイト S,バス・洗面,360,在庫あり,79
P-0255,ガラス保存容器 テラコッタ M,キッチン用品,1000,在庫あり,53
P-0256,磁器プレート カーキ M,テーブルウェア,1400,在庫あり,62
P-0257,ソープディスペンサー グレー L,バス・洗面,1040,在庫あり,100
P-0258,サラダボウル カーキ S,テーブルウェア,1170,在庫あり,72
P-0259,クッカーセット ブラック S,アウトドア,3780,在庫あり,101
P-0260,ヘキサタープ グレー M,アウトドア,7500,在庫あり,118
P-0261,ウォールシェルフ カーキ M,インテリア雑貨,2600,在庫あり,36
P-0262,ワイヤーバスケット ネイビー S,収納用品,1260,在庫あり,35
P-0263,ダブルクリップ ネイビー M,文房具,220,在庫あり,38
P-0264,ペグセット ホワイト M,アウトドア,1500,在庫あり,83
P-0265,キッチンばさみ ベージュ M,キッチン用品,1200,在庫あり,32
P-0266,付箋セット ホワイト S,文房具,320,在庫あり,63
P-0267,バスマット グレー L,バス・洗面,1720,在庫あり,80
P-0268,ホッチキス ブルーグレー M,文房具,750,在庫あり,53
P-0269,竹製菜箸 ブルーグレー L,キッチン用品,520,在庫あり,70
P-0270,竹製菜箸 カーキ M,キッチン用品,450,在庫あり,110
P-0271,ソープディスペンサー カーキ M,バス・洗面,900,在庫あり,44
P-0272,シューズラック ブラック M,収納用品,2200,在庫あり,97
P-0273,付箋セット テラコッタ S,文房具,320,在庫あり,77
P-0274,押入れ収納ケース ブラック M,収納用品,2400,残りわずか,4
P-0275,クッカーセット ネイビー L,アウトドア,4830,在庫あり,74
P-0276,クッカーセット カーキ L,アウトドア,4830,在庫切れ,0
P-0277,ゲルインクボールペン ホワイト L,文房具,210,在庫あり,12
P-0278,蛍光マーカー グレー S,文房具,180,在庫あり,100
P-0279,アルミローテーブル ネイビー M,アウトドア,4500,在庫あり,83
P-0280,磁器プレート ブルーグレー S,テーブルウェア,1260,在庫あり,17
P-0281,ブランケット グレー S,インテリア雑貨,2700,在庫あり,80
P-0282,ソープディスペンサー ベージュ L,バス・洗面,1040,在庫あり,29
P-0283,今治タオル ホワイト S,バス・洗面,1080,在庫あり,45
P-0284,箸置きセット グレー M,テーブルウェア,700,在庫あり,13
P-0285,書類トレー ホワイト L,収納用品,1150,在庫あり,63
P-0286,アルミローテーブル テラコッタ M,アウトドア,4500,在庫あり,19
P-0287,木製カッティングボード ブラック S,キッチン用品,1620,在庫あり,88
P-0288,ステンレスタンブラー ブラック S,キッチン用品,1260,在庫あり,33
P-0289,A5ノート テラコッタ L,文房具,370,在庫あり,23
P-0290,ヘアドライタオル ネイビー L,バス・洗面,920,在庫あり,60
P-0291,折りたたみチェア ホワイト M,アウトドア,3500,在庫あり,44
P-0292,ヘアドライタオル ブラック M,バス・洗面,800,在庫あり,101
P-0293,クッカーセット ベージュ L,アウトドア,4830,在庫あり,74
P-0294,ステンレスピーラー ブルーグレー M,キッチン用品,650,在庫あり,22
P-0295,保冷バッグ ブルーグレー M,アウトドア,1800,在庫あり,24
P-0296,ステンレスタンブラー ホワイト M,キッチン用品,1400,在庫あり,33
P-0297,事務はさみ ネイビー L,文房具,550,在庫あり,100
P-0298,ランドリーバスケット カーキ S,バス・洗面,1620,在庫あり,32
P-0299,キャスター付きワゴン ネイビー L,収納用品,5520,在庫あり,71
P-0300,オイルボトル ブラック L,キッチン用品,920,在庫あり,100
P-0301,キャスター付きワゴン ネイビー S,収納用品,4320,在庫切れ,0
P-0302,珪藻土水切りマット ベージュ M,キッチン用品,1300,在庫あり,101
P-0303,竹製菜箸 ホワイト S,キッチン用品,400,在庫あり,115
P-0304,シャープペンシル ブラック S,文房具,400,在庫あり,100
P-0305,ティーポット ブラック S,テーブルウェア,2160,在庫あり,11
P-0306,キャスター付きワゴン ブルーグレー S,収納用品,4320,在庫あり,59
P-0307,キッチンタイマー ネイビー L,キッチン用品,1040,在庫あり,33
P-0308,布団収納袋 ホワイト S,収納用品,1440,在庫切れ,0
P-0309,箸置きセット ブラック S,テーブルウェア,630,在庫あり,109
P-0310,マグカップ グレー S,テーブルウェア,900,在庫あり,51
P-0311,吊り下げ収納 テラコッタ L,収納用品,1380,在庫あり,87
P-0312,修正テープ ホワイト L,文房具,320,在庫あり,79
P-0313,封筒型寝袋 ブルーグレー L,アウトドア,7470,在庫あり,47
P-0314,バススポンジ ブラック S,バス・洗面,360,在庫あり,99
P-0315,バスマット カーキ L,バス・洗面,1720,残りわずか,2
P-0316,収納ボックス ブルーグレー L,収納用品,1490,在庫あり,87
P-0317,修正テープ ホワイト S,文房具,250,残りわずか,6
P-0318,ハンガーラック ネイビー S,収納用品,4050,在庫あり,79
P-0319,ヘキサタープ テラコッタ M,アウトドア,7500,在庫あり,50
P-0320,歯ブラシスタンド ブルーグレー S,バス・洗面,450,在庫切れ,0
P-0321,ワイヤーバスケット ベージュ L,収納用品,1610,在庫あり,102
P-0322,ソープディスペンサー ホワイト M,バス・洗面,900,在庫あり,15
P-0323,箸置きセット ブラック L,テーブルウェア,800,在庫あり,90
P-0324,珪藻土水切りマット グレー M,キッチン用品,1300,在庫あり,85
P-0325,クリアファイル10枚組 カーキ L,文房具,460,在庫あり,42
P-0326,バスマット ベージュ S,バス・洗面,1350,在庫あり,95
P-0327,ヘアドライタオル ホワイト M,バス・洗面,800,在庫あり,85
P-0328,ウォールシェルフ ベージュ M,インテリア雑貨,2600,在庫あり,112
P-0329,シューズラック カーキ L,収納用品,2530,在庫あり,39
P-0330,A5ノート カーキ L,文房具,370,在庫あり,63
P-0331,布団収納袋 カーキ S,収納用品,1440,在庫あり,26
P-0332,オイルボトル カーキ M,キッチン用品,800,在庫あり,93
P-0333,木製カッティングボード グレー L,キッチン用品,2070,残りわずか,6
P-0334,クッションカバー テラコッタ S,インテリア雑貨,1440,在庫あり,34
P-0335,クリアファイル10枚組 グレー L,文房具,460,残りわずか,8
P-0336,計量カップ ベージュ S,キッチン用品,450,在庫あり,14
P-0337,フォトフレーム ネイビー L,インテリア雑貨,1720,在庫あり,28
P-0338,アロマディフューザー ベージュ L,インテリア雑貨,4020,在庫あり,60
P-0339,ワイヤーバスケット ブラック M,収納用品,1400,在庫あり,63
P-0340,キャスター付きワゴン ブラック L,収納用品,5520,在庫あり,26
P-0341,蕎麦猪口 ホワイト L,テーブルウェア,920,在庫あり,29
P-0342,押入れ収納ケース グレー S,収納用品,2160,在庫あり,107
P-0343,書類トレー グレー M,収納用品,1000,在庫あり,83
P-0344,定規セット ネイビー S,文房具,270,在庫あり,58
P-0345,キャスター付きワゴン グレー M,収納用品,4800,在庫あり,40
P-0346,ブランケット ネイビー L,インテリア雑貨,3450,在庫あり,24
P-0347,サラダボウル ネイビー M,テーブルウェア,1300,在庫あり,73
P-0348,マグカップ ホワイト S,テーブルウェア,900,在庫あり,42
P-0349,シリコン調理スプーン ベージュ L,キッチン用品,800,在庫あり,109
P-0350,封筒型寝袋 ネイビー L,アウトドア,7470,在庫あり,38
P-0351,A5ノート ブルーグレー S,文房具,290,在庫あり,36
P-0352,マグカップ ホワイト M,テーブルウェア,1000,在庫あり,80
P-0353,クリップボード ベージュ S,文房具,540,残りわずか,5
P-0354,ウォールシェルフ ホワイト M,インテリア雑貨,2600,在庫あり,102
P-0355,竹製菜箸 グレー S,キッチン用品,400,在庫あり,67
P-0356,珪藻土水切りマット ネイビー M,キッチン用品,1300,在庫あり,27
P-0357,LEDテーブルランプ カーキ L,インテリア雑貨,3680,在庫あり,14
P-0358,洗面器 グレー L,バス・洗面,800,在庫あり,59
P-0359,ブランケット カーキ M,インテリア雑貨,3000,在庫あり,120
P-0360,焚き火台 カーキ M,アウトドア,8500,在庫あり,11
P-0361,焚き火台 カーキ S,アウトドア,7650,在庫あり,50
P-0362,ステンレスざる グレー L,キッチン用品,1260,在庫あり,90
P-0363,箸置きセット ブルーグレー M,テーブルウェア,700,残りわずか,6
P-0364,収納ボックス テラコッタ S,収納用品,1170,在庫あり,58
P-0365,仕切りケース テラコッタ L,収納用品,920,在庫あり,78
P-0366,万年筆カートリッジ ネイビー S,文房具,500,在庫あり,117
P-0367,事務はさみ ホワイト M,文房具,480,在庫あり,57
P-0368,ラグマット ネイビー M,インテリア雑貨,5500,在庫あり,75
P-0369,観葉植物ポット ベージュ M,インテリア雑貨,1800,在庫あり,101
P-0370,歯ブラシスタンド ベージュ M,バス・洗面,500,在庫切れ,0
P-0371,歯ブラシスタンド ネイビー L,バス・洗面,580,在庫あり,11
P-0372,ホッチキス テラコッタ S,文房具,680,在庫あり,64
P-0373,バスピロー テラコッタ M,バス・洗面,1100,在庫あり,111
P-0374,収納ボックス ネイビー L,収納用品,1490,在庫あり,23
P-0375,ヘキサタープ カーキ M,アウトドア,7500,在庫あり,109
P-0376,ハンガーラック ブラック M,収納用品,4500,在庫あり,118
P-0377,キャスター付きワゴン カーキ M,収納用品,4800,在庫あり,86
P-0378,ハンガーラック ネイビー L,収納用品,5180,在庫あり,38
P-0379,ウォータージャグ ブラック M,アウトドア,3200,在庫あり,39
P-0380,洗面器 カーキ L,バス・洗面,800,在庫切れ,0
P-0381,ランチョンマット ベージュ M,テーブルウェア,600,在庫あり,13
P-0382,吊り下げ収納 ホワイト M,収納用品,1200,在庫あり,106
P-0383,押入れ収納ケース テラコッタ M,収納用品,2400,在庫あり,108
P-0384,ヘアドライタオル ベージュ M,バス・洗面,800,在庫あり,97
P-0385,サラダボウル ネイビー S,テーブルウェア,1170,在庫あり,39
P-0386,ソープディスペンサー ネイビー L,バス・洗面,1040,残りわずか,2
P-0387,蛍光マーカー ネイビー L,文房具,230,在庫あり,114
P-0388,フォトフレーム ベージュ M,インテリア雑貨,1500,在庫あり,19
P-0389,ランドリーバスケット ベージュ L,バス・洗面,2070,在庫あり,22
P-0390,洗面器 グレー S,バス・洗面,630,在庫あり,31
P-0391,耐熱グラス カーキ S,テーブルウェア,810,在庫あり,55
P-0392,ホーロー両手鍋 カーキ M,キッチン用品,3200,在庫あり,74
P-0393,ウォータージャグ ベージュ L,アウトドア,3680,在庫あり,54
P-0394,シリコン調理スプーン ブルーグレー M,キッチン用品,700,在庫あり,15
P-0395,押入れ収納ケース ブラック L,収納用品,2760,在庫あり,77
P-0396,シューズラック グレー S,収納用品,1980,残りわずか,6
P-0397,キッチンタイマー ブラック S,キッチン用品,810,在庫あり,92
P-0398,クッションカバー ブラック S,インテリア雑貨,1440,在庫あり,57
P-0399,ダブルクリップ ブルーグレー M,文房具,220,残りわずか,1
P-0400,計量カップ ホワイト M,キッチン用品,500,在庫あり,43
P-0401,ソープディスペンサー ベージュ S,バス・洗面,810,在庫あり,90
P-0402,付箋セット グレー L,文房具,400,在庫あり,72
P-0403,ウォールシェルフ ブラック L,インテリア雑貨,2990,在庫あり,71
P-0404,ヘアドライタオル ブラック L,バス・洗面,920,在庫あり,61
P-0405,押入れ収納ケース カーキ M,収納用品,2400,在庫あり,89
P-0406,事務はさみ グレー S,文房具,430,残りわずか,7
P-0407,ドライフラワースワッグ テラコッタ S,インテリア雑貨,2160,在庫あり,32
P-0408,木製カッティングボード ブルーグレー M,キッチン用品,1800,在庫あり,65
P-0409,クッカーセット ホワイト S,アウトドア,3780,在庫あり,34
P-0410,マスキングテープ ベージュ L,文房具,290,在庫あり,41
P-0411,竹製菜箸 ベージュ M,キッチン用品,450,在庫あり,56
P-0412,ウォールシェルフ グレー S,インテリア雑貨,2340,在庫あり,22
P-0413,仕切りケース ブルーグレー S,収納用品,720,在庫あり,12
P-0414,箸置きセット ブルーグレー S,テーブルウェア,630,在庫あり,19
P-0415,蕎麦猪口 ベージュ S,テーブルウェア,720,在庫あり,96
P-0416,蛍光マーカー ベージュ L,文房具,230,在庫あり,115
P-0417,磁器プレート テラコッタ M,テーブルウェア,1400,在庫あり,43
P-0418,耐熱グラス カーキ M,テーブルウェア,900,在庫あり,79
P-0419,押入れ収納ケース ネイビー S,収納用品,2160,在庫あり,58
P-0420,吊り下げ収納 ネイビー M,収納用品,1200,在庫あり,64
P-0421,ドライフラワースワッグ ベージュ L,インテリア雑貨,2760,在庫あり,79
P-0422,観葉植物ポット テラコッタ M,インテリア雑貨,1800,在庫あり,101
P-0423,観葉植物ポット ベージュ S,インテリア雑貨,1620,在庫あり,21
P-0424,珪藻土バスマット ベージュ L,バス・洗面,2530,在庫あり,105
P-0425,蕎麦猪口 ブラック S,テーブルウェア,720,残りわずか,2
P-0426,布団収納袋 ベージュ M,収納用品,1600,在庫あり,115
P-0427,折りたたみチェア テラコッタ L,アウトドア,4020,在庫あり,93
P-0428,封筒型寝袋 グレー S,アウトドア,5850,在庫切れ,0
P-0429,ハンガーラック グレー L,収納用品,5180,在庫あり,107
P-0430,バスピロー ブラック M,バス・洗面,1100,在庫あり,78
P-0431,ウォータージャグ ネイビー L,アウトドア,3680,在庫あり,84
P-0432,ホッチキス グレー L,文房具,860,在庫あり,69
P-0433,保冷バッグ ベージュ L,アウトドア,2070,在庫あり,60
P-0434,事務はさみ ベージュ S,文房具,430,在庫あり,33
P-0435,仕切りケース ブラック L,収納用品,920,在庫あり,114
P-0436,ホーロー両手鍋 ネイビー L,キッチン用品,3680,在庫あり,113
P-0437,焚き火台 ネイビー S,アウトドア,7650,残りわずか,7
P-0438,ステンレスピーラー カーキ L,キッチン用品,750,在庫あり,72
P-0439,ウォータージャグ ベージュ S,アウトドア,2880,在庫あり,86
P-0440,吊り下げ収納 ブラック S,収納用品,1080,在庫あり,14
P-0441,付箋セット ベージュ L,文房具,400,在庫あり,109
P-0442,シューズラック ブルーグレー M,収納用品,2200,在庫あり,110
P-0443,ガラス保存容器 カーキ L,キッチン用品,1150,在庫あり,94
P-0444,仕切りケース ネイビー S,収納用品,720,在庫あり,108
P-0445,マスキングテープ ブラック L,文房具,290,残りわずか,5
P-0446,クリアファイル10枚組 テラコッタ L,文房具,460,在庫あり,87
P-0447,キャンドルホルダー ネイビー S,インテリア雑貨,1170,在庫あり,54
P-0448,サラダボウル ホワイト L,テーブルウェア,1490,在庫あり,88
P-0449,ステンレスざる テラコッタ M,キッチン用品,1100,在庫あり,75
P-0450,A5ノート ホワイト M,文房具,320,在庫あり,76
P-0451,歯ブラシスタンド ホワイト M,バス・洗面,500,在庫あり,107
P-0452,ステンレスピーラー ベージュ L,キッチン用品,750,在庫あり,53
P-0453,事務はさみ ホワイト L,文房具,550,在庫あり,107
P-0454,豆皿 ホワイト M,テーブルウェア,500,在庫あり,63
P-0455,シリコン調理スプーン テラコッタ M,キッチン用品,700,在庫あり,44
P-0456,クリップボード ホワイト S,文房具,540,在庫あり,108
P-0457,ウォータージャグ ホワイト L,アウトドア,3680,在庫あり,67
P-0458,蕎麦猪口 カーキ L,テーブルウェア,920,在庫あり,31
P-0459,フォトフレーム テラコッタ M,インテリア雑貨,1500,在庫あり,19
P-0460,キッチンばさみ テラコッタ L,キッチン用品,1380,在庫あり,102
P-0461,耐熱グラス カーキ L,テーブルウェア,1040,在庫あり,87
P-0462,オイルボトル グレー S,キッチン用品,720,在庫あり,35
P-0463,LEDテーブルランプ ブラック M,インテリア雑貨,3200,在庫あり,75
P-0464,蛍光マーカー ホワイト L,文房具,230,在庫あり,13
P-0465,ステンレスざる ベージュ L,キッチン用品,1260,在庫あり,82
P-0466,アロマディフューザー グレー M,インテリア雑貨,3500,在庫あり,72
P-0467,封筒型寝袋 ホワイト M,アウトドア,6500,在庫あり,110
P-0468,吊り下げ収納 ベージュ M,収納用品,1200,在庫切れ,0
P-0469,珪藻土水切りマット ベージュ L,キッチン用品,1490,在庫あり,39
P-0470,LEDランタン ブラック L,アウトドア,3220,在庫あり,20
P-0471,蕎麦猪口 テラコッタ L,テーブルウェア,920,在庫あり,15
P-0472,耐熱グラス ホワイト L,テーブルウェア,1040,在庫あり,82
P-0473,マグカップ カーキ M,テーブルウェア,1000,在庫あり,72
P-0474,耐熱グラス ネイビー L,テーブルウェア,1040,在庫切れ,0
P-0475,修正テープ カーキ M,文房具,280,在庫あり,89
P-0476,押入れ収納ケース ブルーグレー M,収納用品,2400,在庫あり,73
P-0477,木製カトラリーセット テラコッタ M,テーブルウェア,1800,残りわずか,9
P-0478,LEDテーブルランプ グレー S,インテリア雑貨,2880,在庫切れ,0
P-0479,洗面器 ブルーグレー M,バス・洗面,700,在庫あり,102
P-0480,事務はさみ ブラック L,文房具,550,在庫あり,99
P-0481,ウォータージャグ ブルーグレー M,アウトドア,3200,在庫あり,80
P-0482,クリアファイル10枚組 テラコッタ S,文房具,360,在庫あり,109
P-0483,ヘキサタープ ベージュ M,アウトドア,7500,在庫あり,55
P-0484,バススポンジ グレー L,バス・洗面,460,在庫あり,69
P-0485,折りたたみチェア ブラック L,アウトドア,4020,在庫あり,66
P-0486,シャープペンシル ブルーグレー L,文房具,520,在庫あり,76
P-0487,クリップボード ホワイト M,文房具,600,在庫あり,120
P-0488,ウォータージャグ ブルーグレー S,アウトドア,2880,在庫あり,47
P-0489,キャンドルホルダー カーキ S,インテリア雑貨,1170,在庫切れ,0
P-0490,豆皿 テラコッタ L,テーブルウェア,580,在庫あり,89
P-0491,ステンレスタンブラー ベージュ M,キッチン用品,1400,残りわずか,9
P-0492,ソープディスペンサー テラコッタ S,バス・洗面,810,在庫あり,90
P-0493,フラワーベース ブルーグレー M,インテリア雑貨,2200,在庫あり,25
P-0494,キャンドルホルダー ブルーグレー S,インテリア雑貨,1170,残りわずか,6
P-0495,蕎麦猪口 ブルーグレー M,テーブルウェア,800,在庫あり,116
P-0496,ソープディスペンサー ネイビー M,バス・洗面,900,在庫切れ,0
P-0497,シャープペンシル ネイビー M,文房具,450,在庫あり,79
P-0498,ドライフラワースワッグ グレー L,インテリア雑貨,2760,在庫あり,41
P-0499,ホッチキス ホワイト L,文房具,860,残りわずか,1
P-0500,竹製菜箸 ブラック S,キッチン用品,400,在庫あり,20
P-0501,計量カップ テラコッタ L,キッチン用品,580,在庫あり,77
P-0502,キッチンタイマー グレー S,キッチン用品,810,在庫あり,17
P-0503,収納ボックス カーキ S,収納用品,1170,在庫あり,82
P-0504,計量カップ テラコッタ S,キッチン用品,450,在庫あり,19
P-0505,吊り下げ収納 テラコッタ M,収納用品,1200,在庫あり,113
P-0506,壁掛け時計 ホワイト L,インテリア雑貨,3220,残りわずか,7
P-0507,クリアファイル10枚組 ブルーグレー L,文房具,460,在庫あり,106
P-0508,歯ブラシスタンド カーキ M,バス・洗面,500,在庫あり,120
P-0509,ソープディスペンサー テラコッタ M,バス・洗面,900,在庫あり,50
P-0510,押入れ収納ケース ベージュ M,収納用品,2400,在庫あり,16
P-0511,ハンガーラック ブラック S,収納用品,4050,在庫あり,51
P-0512,フラワーベース グレー L,インテリア雑貨,2530,在庫あり,18
P-0513,ドライフラワースワッグ ホワイト M,インテリア雑貨,2400,在庫あり,11
P-0514,クッカーセット グレー L,アウトドア,4830,在庫あり,86
P-0515,バスピロー ネイビー L,バス・洗面,1260,在庫あり,112
P-0516,計量カップ ブルーグレー M,キッチン用品,500,在庫あり,18
P-0517,鍋つかみミトン ブルーグレー L,キッチン用品,690,残りわずか,7
P-0518,歯ブラシスタンド ブラック S,バス・洗面,450,在庫あり,109
P-0519,マグカップ ネイビー M,テーブルウェア,1000,在庫あり,55
P-0520,蕎麦猪口 グレー L,テーブルウェア,920,在庫あり,11
P-0521,ゲルインクボールペン グレー M,文房具,180,在庫あり,48
P-0522,珪藻土水切りマット ホワイト S,キッチン用品,1170,在庫あり,86
P-0523,定規セット ネイビー M,文房具,300,在庫あり,110
P-0524,木製カトラリーセット テラコッタ L,テーブルウェア,2070,在庫あり,19
P-0525,焚き火台 ベージュ L,アウトドア,9780,在庫あり,60
P-0526,シャワーラック テラコッタ M,バス・洗面,1600,在庫あり,37
P-0527,バススポンジ テラコッタ S,バス・洗面,360,在庫あり,65
P-0528,吊り下げ収納 ホワイト L,収納用品,1380,残りわずか,6
P-0529,キッチンばさみ ネイビー M,キッチン用品,1200,在庫あり,62
P-0530,折りたたみチェア テラコッタ M,アウトドア,3500,在庫あり,94
P-0531,箸置きセット ネイビー S,テーブルウェア,630,残りわずか,4
P-0532,カレー皿 ホワイト S,テーブルウェア,1080,在庫あり,107
P-0533,シャワーラック テラコッタ S,バス・洗面,1440,在庫あり,76
P-0534,ウォータージャグ グレー L,アウトドア,3680,在庫あり,101
P-0535,修正テープ ブラック M,文房具,280,在庫あり,111
P-0536,書類トレー ブルーグレー L,収納用品,1150,在庫あり,99
P-0537,ウォールシェルフ グレー L,インテリア雑貨,2990,在庫あり,77
P-0538,バススポンジ ブラック L,バス・洗面,460,在庫あり,28
P-0539,アルミローテーブル カーキ S,アウトドア,4050,在庫あり,94
P-0540,定規セット テラコッタ M,文房具,300,在庫あり,31
P-0541,焚き火台 ネイビー L,アウトドア,9780,在庫あり,72
P-0542,封筒型寝袋 テラコッタ M,アウトドア,6500,在庫あり,10
P-0543,ステンレスタンブラー ネイビー S,キッチン用品,1260,在庫あり,24
P-0544,壁掛け時計 ネイビー M,インテリア雑貨,2800,在庫あり,31
P-0545,封筒型寝袋 ブラック L,アウトドア,7470,在庫あり,21
P-0546,バスピロー ホワイト L,バス・洗面,1260,在庫あり,106
P-0547,布団収納袋 ベージュ L,収納用品,1840,在庫あり,86
P-0548,フラワーベース ネイビー L,インテリア雑貨,2530,在庫あり,89
P-0549,クリアファイル10枚組 テラコッタ M,文房具,400,在庫あり,65
P-0550,ヘアドライタオル テラコッタ M,バス・洗面,800,在庫あり,106
P-0551,ドライフラワースワッグ ネイビー S,インテリア雑貨,2160,残りわずか,6
P-0552,ペグセット カーキ S,アウトドア,1350,在庫あり,13
P-0553,キャンドルホルダー ホワイト L,インテリア雑貨,1490,在庫あり,33
P-0554,ワイヤーバスケット カーキ S,収納用品,1260,在庫あり,90
P-0555,ペグセット ブルーグレー M,アウトドア,1500,在庫あり,64
P-0556,木製カトラリーセット ベージュ S,テーブルウェア,1620,在庫あり,102
P-0557,歯ブラシスタンド カーキ S,バス・洗面,450,在庫切れ,0
P-0558,今治タオル ベージュ L,バス・洗面,1380,在庫あり,22
P-0559,キャンドルホルダー ホワイト S,インテリア雑貨,1170,在庫あり,46
P-0560,クリアファイル10枚組 ネイビー M,文房具,400,在庫あり,68
P-0561,ウォータージャグ テラコッタ L,アウトドア,3680,在庫あり,72
P-0562,木製カトラリーセット ネイビー M,テーブルウェア,1800,残りわずか,4
P-0563,珪藻土バスマット ブラック S,バス・洗面,1980,在庫あり,51
P-0564,アロマディフューザー ブルーグレー L,インテリア雑貨,4020,在庫あり,70
P-0565,計量カップ ネイビー L,キッチン用品,580,在庫あり,26
P-0566,今治タオル カーキ M,バス・洗面,1200,在庫あり,35
P-0567,蛍光マーカー グレー M,文房具,200,在庫あり,71
P-0568,焚き火台 ネイビー M,アウトドア,8500,残りわずか,4
P-0569,ゲルインクボールペン ネイビー S,文房具,160,在庫あり,65
P-0570,修正テープ ブルーグレー M,文房具,280,在庫あり,39
P-0571,オイルボトル ブラック M,キッチン用品,800,在庫あり,30
P-0572,万年筆カートリッジ テラコッタ S,文房具,500,残りわずか,1
P-0573,アルミローテーブル ホワイト S,アウトドア,4050,在庫あり,26
P-0574,珪藻土バスマット テラコッタ L,バス・洗面,2530,在庫あり,56
P-0575,ペグセット ブルーグレー S,アウトドア,1350,在庫あり,15
P-0576,アロマディフューザー ネイビー S,インテリア雑貨,3150,在庫あり,74
P-0577,マグカップ ベージュ L,テーブルウェア,1150,在庫あり,80
P-0578,LEDランタン カーキ L,アウトドア,3220,在庫あり,14
P-0579,ワイヤーバスケット ネイビー L,収納用品,1610,残りわずか,4
P-0580,ウォータージャグ ネイビー M,アウトドア,3200,在庫あり,65
P-0581,バスピロー ネイビー S,バス・洗面,990,残りわずか,6
P-0582,ソープディスペンサー グレー M,バス・洗面,900,残りわずか,5
P-0583,ソープディスペンサー ホワイト L,バス・洗面,1040,在庫あり,29
P-0584,アロマディフューザー ブルーグレー S,インテリア雑貨,3150,在庫あり,16
P-0585,観葉植物ポット ブラック S,インテリア雑貨,1620,在庫あり,59
P-0586,シューズラック テラコッタ M,収納用品,2200,残りわずか,4
P-0587,鍋つかみミトン ブルーグレー M,キッチン用品,600,在庫あり,37
P-0588,封筒型寝袋 ネイビー M,アウトドア,6500,在庫あり,107
P-0589,事務はさみ カーキ S,文房具,430,在庫あり,82
P-0590,ウォータージャグ カーキ L,アウトドア,3680,在庫あり,116
P-0591,キャンドルホルダー ブラック S,インテリア雑貨,1170,在庫あり,34
P-0592,ワイヤーバスケット ブラック L,収納用品,1610,在庫あり,10
P-0593,ウォールシェルフ ネイビー L,インテリア雑貨,2990,在庫あり,105
P-0594,キッチンタイマー ベージュ L,キッチン用品,1040,在庫あり,108
P-0595,ランチョンマット ホワイト L,テーブルウェア,690,在庫あり,46
P-0596,サラダボウル ネイビー L,テーブルウェア,1490,在庫あり,56
P-0597,シリコン調理スプーン テラコッタ L,キッチン用品,800,在庫あり,99
P-0598,万年筆カートリッジ グレー L,文房具,630,在庫あり,115
P-0599,押入れ収納ケース カーキ L,収納用品,2760,残りわずか,2
P-0600,フォトフレーム グレー S,インテリア雑貨,1350,在庫切れ,0
P-0601,蛍光マーカー ベージュ M,文房具,200,在庫あり,104
P-0602,ペグセット カーキ M,アウトドア,1500,残りわずか,4
P-0603,鍋つかみミトン テラコッタ S,キッチン用品,540,在庫あり,38
P-0604,ティーポット ネイビー S,テーブルウェア,2160,在庫あり,101
P-0605,LEDテーブルランプ ホワイト L,インテリア雑貨,3680,在庫あり,57
P-0606,ステンレスタンブラー ブラック M,キッチン用品,1400,残りわずか,7
P-0607,豆皿 ブルーグレー S,テーブルウェア,450,在庫あり,57
P-0608,ティーポット ホワイト S,テーブルウェア,2160,在庫あり,68
P-0609,キッチンばさみ テラコッタ S,キッチン用品,1080,在庫あり,63
P-0610,仕切りケース ベージュ L,収納用品,920,残りわずか,6
P-0611,ドライフラワースワッグ テラコッタ L,インテリア雑貨,2760,在庫あり,115
P-0612,シャープペンシル グレー M,文房具,450,在庫あり,95
P-0613,A5ノート テラコッタ M,文房具,320,残りわずか,8
P-0614,フラワーベース ブラック S,インテリア雑貨,1980,在庫あり,18
P-0615,クリアファイル10枚組 ホワイト M,文房具,400,在庫あり,104
P-0616,定規セット テラコッタ L,文房具,340,在庫あり,54
P-0617,ウォータージャグ カーキ S,アウトドア,2880,在庫あり,103
P-0618,カレー皿 ベージュ M,テーブルウェア,1200,在庫あり,59
P-0619,LEDテーブルランプ カーキ S,インテリア雑貨,2880,在庫あり,45
P-0620,ブランケット カーキ L,インテリア雑貨,3450,在庫あり,79
P-0621,シャワーラック ベージュ M,バス・洗面,1600,在庫あり,99
P-0622,焚き火台 グレー S,アウトドア,7650,残りわずか,2
P-0623,ステンレスピーラー ブラック M,キッチン用品,650,在庫あり,88
P-0624,観葉植物ポット ベージュ L,インテリア雑貨,2070,在庫あり,104
P-0625,ホーロー両手鍋 ブルーグレー L,キッチン用品,3680,在庫あり,25
P-0626,バススポンジ カーキ M,バス・洗面,400,残りわずか,7
P-0627,ドライフラワースワッグ ブラック L,インテリア雑貨,2760,在庫あり,16
P-0628,フラワーベース ベージュ M,インテリア雑貨,2200,在庫あり,46
P-0629,木製カトラリーセット ブラック L,テーブルウェア,2070,在庫あり,53
P-0630,ドライフラワースワッグ ブルーグレー L,インテリア雑貨,2760,在庫あり,77
P-0631,クッカーセット ブルーグレー M,アウトドア,4200,在庫あり,46
P-0632,ペグセット ブルーグレー L,アウトドア,1720,在庫あり,83
P-0633,バススポンジ ブラック M,バス・洗面,400,在庫あり,63
P-0634,バスピロー テラコッタ L,バス・洗面,1260,在庫あり,65
P-0635,ステンレスタンブラー テラコッタ L,キッチン用品,1610,在庫あり,47
P-0636,ステンレスタンブラー ブラック L,キッチン用品,1610,在庫あり,94
P-0637,フラワーベース ブルーグレー S,インテリア雑貨,1980,在庫あり,47
P-0638,ブランケット ホワイト L,インテリア雑貨,3450,在庫あり,88
P-0639,サラダボウル ブルーグレー M,テーブルウェア,1300,在庫あり,118
P-0640,ダブルクリップ テラコッタ S,文房具,200,在庫あり,84
P-0641,珪藻土水切りマット カーキ L,キッチン用品,1490,在庫あり,68
P-0642,キッチンばさみ テラコッタ M,キッチン用品,1200,在庫あり,66
P-0643,LEDランタン ベージュ S,アウトドア,2520,在庫あり,84
P-0644,保冷バッグ ブラック S,アウトドア,1620,在庫あり,58
P-0645,ヘアドライタオル ブルーグレー S,バス・洗面,720,在庫あり,97
P-0646,磁器プレート グレー L,テーブルウェア,1610,在庫あり,25
P-0647,ステンレスざる カーキ M,キッチン用品,1100,在庫あり,88
P-0648,LEDランタン グレー L,アウトドア,3220,在庫あり,113
P-0649,保冷バッグ カーキ M,アウトドア,1800,在庫あり,104
P-0650,A5ノート ブラック S,文房具,290,在庫あり,15
P-0651,クリップボード テラコッタ L,文房具,690,在庫あり,75
P-0652,今治タオル ブラック L,バス・洗面,1380,在庫あり,98
P-0653,ゲルインクボールペン ベージュ S,文房具,160,在庫あり,66
P-0654,クッカーセット ホワイト M,アウトドア,4200,在庫あり,102
P-0655,修正テープ ベージュ S,文房具,250,在庫あり,86
P-0656,カレー皿 ネイビー M,テーブルウェア,1200,在庫あり,87
P-0657,仕切りケース カーキ M,収納用品,800,在庫あり,11
P-0658,収納ボックス グレー M,収納用品,1300,残りわずか,3
P-0659,洗面器 テラコッタ M,バス・洗面,700,在庫あり,80
P-0660,クッションカバー ベージュ L,インテリア雑貨,1840,在庫あり,45
P-0661,書類トレー ブラック S,収納用品,900,在庫あり,31
P-0662,修正テープ ブラック L,文房具,320,在庫あり,99
P-0663,ゲルインクボールペン ネイビー M,文房具,180,在庫あり,23
P-0664,歯ブラシスタンド ブラック L,バス・洗面,580,在庫あり,86
P-0665,ラグマット ホワイト L,インテリア雑貨,6320,在庫あり,19
P-0666,シリコン調理スプーン ブラック L,キッチン用品,800,在庫あり,51
P-0667,ステンレスざる ネイビー L,キッチン用品,1260,在庫あり,83
P-0668,焚き火台 カーキ L,アウトドア,9780,在庫あり,26
P-0669,ティーポット ブラック L,テーブルウェア,2760,在庫あり,15
P-0670,ドライフラワースワッグ グレー S,インテリア雑貨,2160,在庫切れ,0
P-0671,シリコン調理スプーン ネイビー L,キッチン用品,800,在庫あり,81
P-0672,木製カッティングボード ネイビー S,キッチン用品,1620,在庫あり,11
P-0673,書類トレー ブルーグレー S,収納用品,900,在庫あり,105
P-0674,書類トレー カーキ L,収納用品,1150,在庫あり,67
P-0675,マグカップ カーキ L,テーブルウェア,1150,在庫あり,14
P-0676,鍋つかみミトン グレー L,キッチン用品,690,在庫あり,105
P-0677,計量カップ カーキ M,キッチン用品,500,在庫あり,107
P-0678,マグカップ カーキ S,テーブルウェア,900,在庫あり,80
P-0679,付箋セット カーキ S,文房具,320,在庫あり,92
P-0680,押入れ収納ケース テラコッタ L,収納用品,2760,在庫あり,112
P-0681,豆皿 カーキ L,テーブルウェア,580,在庫あり,95
P-0682,ホッチキス ベージュ M,文房具,750,在庫あり,42
P-0683,修正テープ ベージュ L,文房具,320,在庫あり,113
P-0684,バスマット ブルーグレー S,バス・洗面,1350,残りわずか,8
P-0685,ワイヤーバスケット ベージュ S,収納用品,1260,在庫あり,50
P-0686,シューズラック ブルーグレー L,収納用品,2530,在庫あり,96
P-0687,ティーポット テラコッタ M,テーブルウェア,2400,残りわずか,9
P-0688,ステンレスピーラー ベージュ M,キッチン用品,650,在庫あり,44
P-0689,ステンレスピーラー ベージュ S,キッチン用品,580,在庫あり,62
P-0690,豆皿 ブラック S,テーブルウェア,450,在庫あり,119
P-0691,収納ボックス グレー L,収納用品,1490,在庫あり,73
P-0692,仕切りケース テラコッタ M,収納用品,800,在庫あり,65
P-0693,シャープペンシル ベージュ M,文房具,450,在庫あり,98
P-0694,竹製菜箸 テラコッタ L,キッチン用品,520,在庫あり,94
P-0695,ドライフラワースワッグ グレー M,インテリア雑貨,2400,在庫あり,10
P-0696,ハンガーラック テラコッタ L,収納用品,5180,残りわずか,6
P-0697,ヘアドライタオル ブルーグレー L,バス・洗面,920,在庫あり,20
P-0698,マグカップ ブルーグレー M,テーブルウェア,1000,在庫あり,63
P-0699,LEDランタン カーキ S,アウトドア,2520,在庫あり,30
P-0700,ラグマット ブルーグレー S,インテリア雑貨,4950,在庫あり,16
P-0701,収納ボックス ブラック S,収納用品,1170,在庫あり,76
P-0702,耐熱グラス ベージュ S,テーブルウェア,810,在庫あり,33
P-0703,ダブルクリップ ブラック M,文房具,220,在庫あり,83
P-0704,万年筆カートリッジ ブルーグレー M,文房具,550,在庫あり,62
P-0705,キャスター付きワゴン ブルーグレー M,収納用品,4800,在庫あり,29
P-0706,ステンレスタンブラー ホワイト S,キッチン用品,1260,在庫あり,25
P-0707,ゲルインクボールペン ブルーグレー L,文房具,210,在庫あり,108
P-0708,事務はさみ ブラック S,文房具,430,在庫あり,89
P-0709,サラダボウル ブルーグレー S,テーブルウェア,1170,在庫あり,52
P-0710,ゲルインクボールペン グレー L,文房具,210,残りわずか,6
P-0711,サラダボウル テラコッタ M,テーブルウェア,1300,在庫あり,48
P-0712,フラワーベース ブラック L,インテリア雑貨,2530,在庫あり,78
P-0713,ガラス保存容器 グレー L,キッチン用品,1150,在庫あり,75
P-0714,ラグマット グレー M,インテリア雑貨,5500,在庫あり,95
P-0715,折りたたみチェア ネイビー M,アウトドア,3500,在庫あり,59
P-0716,布団収納袋 ホワイト M,収納用品,1600,在庫あり,86
P-0717,ステンレスタンブラー ブルーグレー S,キッチン用品,1260,在庫あり,95
P-0718,シューズラック ブラック L,収納用品,2530,在庫あり,35
P-0719,歯ブラシスタンド グレー L,バス・洗面,580,在庫あり,72
P-0720,ティーポット テラコッタ L,テーブルウェア,2760,在庫あり,65
P-0721,収納ボックス ブルーグレー S,収納用品,1170,在庫あり,41
P-0722,洗面器 テラコッタ S,バス・洗面,630,在庫あり,20
P-0723,磁器プレート ネイビー L,テーブルウェア,1610,在庫あり,44
P-0724,壁掛け時計 カーキ M,インテリア雑貨,2800,在庫あり,32
P-0725,ランドリーバスケット カーキ M,バス・洗面,1800,在庫あり,120
P-0726,書類トレー ネイビー L,収納用品,1150,在庫あり,69
P-0727,ペグセット ベージュ S,アウトドア,1350,在庫あり,10
P-0728,ヘキサタープ カーキ S,アウトドア,6750,在庫あり,60
P-0729,事務はさみ ホワイト S,文房具,430,在庫あり,110
P-0730,定規セット ベージュ M,文房具,300,在庫あり,93
P-0731,布団収納袋 ホワイト L,収納用品,1840,在庫あり,57
P-0732,LEDランタン ホワイト L,アウトドア,3220,在庫あり,101
P-0733,シリコン調理スプーン ホワイト M,キッチン用品,700,在庫あり,58
P-0734,仕切りケース ベージュ S,収納用品,720,在庫あり,111
P-0735,歯ブラシスタンド ホワイト S,バス・洗面,450,在庫あり,15
P-0736,バスピロー ブルーグレー S,バス・洗面,990,在庫あり,114
P-0737,壁掛け時計 ブルーグレー M,インテリア雑貨,2800,在庫あり,106
P-0738,今治タオル グレー M,バス・洗面,1200,在庫あり,85
P-0739,布団収納袋 テラコッタ S,収納用品,1440,在庫あり,54
P-0740,LEDランタン ネイビー M,アウトドア,2800,在庫あり,98
P-0741,シャープペンシル カーキ L,文房具,520,残りわずか,9
P-0742,LEDランタン テラコッタ S,アウトドア,2520,在庫あり,12
P-0743,キャンドルホルダー カーキ L,インテリア雑貨,1490,在庫あり,98
P-0744,蛍光マーカー ブラック M,文房具,200,在庫切れ,0
P-0745,珪藻土水切りマット グレー S,キッチン用品,1170,在庫あり,108
P-0746,観葉植物ポット テラコッタ S,インテリア雑貨,1620,在庫あり,110
P-0747,LEDテーブルランプ カーキ M,インテリア雑貨,3200,在庫切れ,0
P-0748,ティーポット グレー M,テーブルウェア,2400,在庫あり,88
P-0749,観葉植物ポット カーキ S,インテリア雑貨,1620,在庫あり,109
P-0750,修正テープ テラコッタ L,文房具,320,在庫あり,79
P-0751,クリップボード ネイビー L,文房具,690,在庫あり,80
P-0752,アルミローテーブル ネイビー S,アウトドア,4050,在庫あり,117
P-0753,カレー皿 ホワイト M,テーブルウェア,1200,在庫あり,79
P-0754,壁掛け時計 グレー L,インテリア雑貨,3220,在庫あり,16
P-0755,バスマット テラコッタ L,バス・洗面,1720,在庫あり,39
P-0756,クッションカバー グレー S,インテリア雑貨,1440,在庫あり,29
P-0757,付箋セット カーキ M,文房具,350,残りわずか,4
P-0758,修正テープ ベージュ M,文房具,280,在庫あり,86
P-0759,ウォータージャグ グレー M,アウトドア,3200,在庫あり,105
P-0760,ゲルインクボールペン カーキ M,文房具,180,在庫あり,75
P-0761,カレー皿 グレー L,テーブルウェア,1380,在庫あり,42
P-0762,キッチンタイマー カーキ M,キッチン用品,900,在庫あり,118
P-0763,クッションカバー ブルーグレー L,インテリア雑貨,1840,在庫あり,103
P-0764,布団収納袋 グレー M,収納用品,1600,在庫あり,22
P-0765,木製カッティングボード ベージュ S,キッチン用品,1620,在庫あり,30
P-0766,ヘアドライタオル グレー M,バス・洗面,800,在庫あり,44
P-0767,仕切りケース グレー S,収納用品,720,在庫あり,28
P-0768,書類トレー テラコッタ S,収納用品,900,在庫切れ,0
P-0769,バスマット グレー M,バス・洗面,1500,在庫あり,25
P-0770,キッチンタイマー ベージュ M,キッチン用品,900,在庫あり,101
P-0771,鍋つかみミトン ブラック S,キッチン用品,540,在庫あり,43
P-0772,サラダボウル カーキ L,テーブルウェア,1490,在庫あり,99
P-0773,ランチョンマット ホワイト M,テーブルウェア,600,在庫あり,25
P-0774,クッションカバー カーキ L,インテリア雑貨,1840,在庫あり,46
P-0775,ステンレスざる ブラック S,キッチン用品,990,在庫あり,51
P-0776,豆皿 ネイビー S,テーブルウェア,450,在庫あり,24
P-0777,今治タオル ブルーグレー L,バス・洗面,1380,在庫切れ,0
P-0778,今治タオル ネイビー S,バス・洗面,1080,在庫あり,74
P-0779,バスピロー ブラック S,バス・洗面,990,残りわずか,5
P-0780,豆皿 ベージュ S,テーブルウェア,450,在庫あり,56
P-0781,ランチョンマット ベージュ L,テーブルウェア,690,在庫あり,69
P-0782,マグカップ ホワイト L,テーブルウェア,1150,在庫あり,79
P-0783,アルミローテーブル ブルーグレー S,アウトドア,4050,在庫あり,114
P-0784,ゲルインクボールペン カーキ L,文房具,210,在庫あり,88
P-0785,定規セット ブルーグレー L,文房具,340,在庫あり,14
P-0786,今治タオル ホワイト L,バス・洗面,1380,在庫あり,49
P-0787,珪藻土バスマット ホワイト L,バス・洗面,2530,在庫あり,64
P-0788,ハンガーラック グレー M,収納用品,4500,在庫あり,119
P-0789,キッチンばさみ ブルーグレー M,キッチン用品,1200,在庫あり,50
P-0790,アロマディフューザー ホワイト S,インテリア雑貨,3150,在庫あり,33
P-0791,付箋セット ネイビー S,文房具,320,在庫あり,64
P-0792,竹製菜箸 グレー M,キッチン用品,450,在庫あり,68
P-0793,木製カトラリーセット ネイビー S,テーブルウェア,1620,在庫あり,50
P-0794,修正テープ カーキ S,文房具,250,在庫あり,15
P-0795,サラダボウル ブラック L,テーブルウェア,1490,在庫あり,33
P-0796,歯ブラシスタンド テラコッタ S,バス・洗面,450,在庫切れ,0
P-0797,洗面器 ベージュ M,バス・洗面,700,在庫あり,31
P-0798,収納ボックス ホワイト M,収納用品,1300,在庫あり,40
P-0799,珪藻土水切りマット ネイビー L,キッチン用品,1490,在庫あり,46
P-0800,ブランケット ネイビー M,インテリア雑貨,3000,在庫あり,54
P-0801,シャワーラック ブラック L,バス・洗面,1840,在庫あり,18
P-0802,竹製菜箸 カーキ S,キッチン用品,400,在庫あり,79
P-0803,キッチンタイマー ブラック M,キッチン用品,900,在庫あり,85
P-0804,計量カップ グレー S,キッチン用品,450,在庫あり,96
P-0805,計量カップ ベージュ M,キッチン用品,500,在庫あり,14
P-0806,クリップボード ブルーグレー M,文房具,600,在庫あり,55
P-0807,アロマディフューザー ブラック S,インテリア雑貨,3150,在庫あり,103
P-0808,壁掛け時計 カーキ S,インテリア雑貨,2520,残りわずか,3
P-0809,保冷バッグ ブルーグレー S,アウトドア,1620,在庫あり,32
P-0810,布団収納袋 グレー S,収納用品,1440,在庫あり,61
P-0811,カレー皿 ブルーグレー S,テーブルウェア,1080,在庫あり,51
P-0812,バススポンジ カーキ L,バス・洗面,460,在庫あり,44
P-0813,竹製菜箸 ネイビー S,キッチン用品,400,在庫あり,52
P-0814,ホッチキス テラコッタ M,文房具,750,残りわずか,3
P-0815,キャンドルホルダー グレー M,インテリア雑貨,1300,在庫あり,94
P-0816,アロマディフューザー ブラック L,インテリア雑貨,4020,在庫あり,84
P-0817,ステンレスピーラー グレー S,キッチン用品,580,在庫あり,114
P-0818,洗面器 ホワイト M,バス・洗面,700,在庫あり,66
P-0819,アロマディフューザー ベージュ S,インテリア雑貨,3150,在庫あり,115
P-0820,アルミローテーブル グレー S,アウトドア,4050,在庫あり,12
P-0821,ダブルクリップ グレー M,文房具,220,在庫あり,60
P-0822,アロマディフューザー カーキ S,インテリア雑貨,3150,在庫あり,12
P-0823,LEDテーブルランプ テラコッタ S,インテリア雑貨,2880,在庫あり,75
P-0824,シャープペンシル グレー S,文房具,400,残りわずか,2
P-0825,フラワーベース ホワイト L,インテリア雑貨,2530,在庫あり,92
P-0826,キャスター付きワゴン ベージュ M,収納用品,4800,在庫あり,61
P-0827,A5ノート グレー S,文房具,290,在庫あり,12
P-0828,耐熱グラス ブルーグレー M,テーブルウェア,900,在庫切れ,0
P-0829,カレー皿 グレー M,テーブルウェア,1200,在庫あり,66
P-0830,歯ブラシスタンド ベージュ L,バス・洗面,580,在庫あり,77
P-0831,クッカーセット ブルーグレー L,アウトドア,4830,在庫あり,81
P-0832,LEDランタン カーキ M,アウトドア,2800,在庫あり,77
P-0833,キャスター付きワゴン テラコッタ M,収納用品,4800,在庫あり,60
P-0834,ブランケット ブラック S,インテリア雑貨,2700,在庫あり,96
P-0835,ガラス保存容器 ブラック M,キッチン用品,1000,在庫あり,110
P-0836,クリアファイル10枚組 カーキ S,文房具,360,在庫切れ,0
P-0837,封筒型寝袋 ブルーグレー S,アウトドア,5850,在庫あり,34
P-0838,フォトフレーム テラコッタ L,インテリア雑貨,1720,在庫あり,63
P-0839,ラグマット テラコッタ S,インテリア雑貨,4950,在庫あり,90
P-0840,鍋つかみミトン グレー S,キッチン用品,540,在庫あり,99
P-0841,LEDテーブルランプ ブラック L,インテリア雑貨,3680,在庫あり,79
P-0842,ステンレスざる ベージュ M,キッチン用品,1100,在庫あり,27
P-0843,木製カトラリーセット ベージュ L,テーブルウェア,2070,在庫切れ,0
P-0844,付箋セット ブルーグレー L,文房具,400,在庫あり,39
P-0845,保冷バッグ ホワイト L,アウトドア,2070,在庫あり,103
P-0846,ヘキサタープ ブラック L,アウトドア,8620,在庫切れ,0
P-0847,ドライフラワースワッグ カーキ S,インテリア雑貨,2160,在庫あり,24
P-0848,ステンレスざる グレー S,キッチン用品,990,在庫あり,79
P-0849,フラワーベース カーキ S,インテリア雑貨,1980,在庫あり,68
P-0850,アロマディフューザー グレー L,インテリア雑貨,4020,在庫あり,21
P-0851,バスピロー ベージュ L,バス・洗面,1260,在庫あり,100
P-0852,押入れ収納ケース ホワイト M,収納用品,2400,在庫あり,45
P-0853,ステンレスざる ベージュ S,キッチン用品,990,在庫あり,83
P-0854,バスマット テラコッタ S,バス・洗面,1350,在庫あり,116
P-0855,キャンドルホルダー ネイビー M,インテリア雑貨,1300,在庫あり,118
P-0856,ホーロー両手鍋 ネイビー S,キッチン用品,2880,在庫あり,116
P-0857,サラダボウル グレー S,テーブルウェア,1170,在庫あり,41
P-0858,珪藻土水切りマット テラコッタ S,キッチン用品,1170,在庫切れ,0
P-0859,吊り下げ収納 カーキ M,収納用品,1200,在庫あり,70
P-0860,竹製菜箸 ブルーグレー S,キッチン用品,400,在庫あり,79
P-0861,収納ボックス カーキ M,収納用品,1300,在庫あり,96
P-0862,ウォールシェルフ グレー M,インテリア雑貨,2600,在庫あり,77
P-0863,クッションカバー ホワイト S,インテリア雑貨,1440,在庫あり,68
P-0864,ヘアドライタオル ネイビー M,バス・洗面,800,在庫あり,101
P-0865,バススポンジ ブルーグレー M,バス・洗面,400,在庫あり,117
P-0866,豆皿 ベージュ M,テーブルウェア,500,在庫あり,56
P-0867,ドライフラワースワッグ ホワイト S,インテリア雑貨,2160,在庫あり,82
P-0868,ドライフラワースワッグ テラコッタ M,インテリア雑貨,2400,在庫あり,85
P-0869,ゲルインクボールペン ネイビー L,文房具,210,在庫あり,20
P-0870,箸置きセット グレー S,テーブルウェア,630,残りわずか,5
P-0871,ウォータージャグ テラコッタ M,アウトドア,3200,在庫あり,24
P-0872,バスマット ブラック L,バス・洗面,1720,在庫あり,63
P-0873,マスキングテープ ブラック S,文房具,220,在庫あり,76
P-0874,ブランケット テラコッタ L,インテリア雑貨,3450,在庫あり,101
P-0875,付箋セット ブルーグレー S,文房具,320,在庫あり,54
P-0876,ランチョンマット テラコッタ S,テーブルウェア,540,在庫あり,43
P-0877,計量カップ ホワイト L,キッチン用品,580,在庫切れ,0
P-0878,シャワーラック ブラック S,バス・洗面,1440,在庫あり,21
P-0879,観葉植物ポット ブルーグレー M,インテリア雑貨,1800,在庫あり,18
P-0880,木製カッティングボード ネイビー L,キッチン用品,2070,在庫あり,49
P-0881,布団収納袋 グレー L,収納用品,1840,在庫あり,45
P-0882,焚き火台 ブルーグレー L,アウトドア,9780,残りわずか,5
P-0883,ヘキサタープ テラコッタ S,アウトドア,6750,在庫あり,100
P-0884,保冷バッグ ネイビー S,アウトドア,1620,残りわずか,3
P-0885,クッカーセット ベージュ S,アウトドア,3780,残りわずか,8
P-0886,箸置きセット ネイビー L,テーブルウェア,800,在庫あり,75
P-0887,キャンドルホルダー ベージュ L,インテリア雑貨,1490,在庫あり,81
P-0888,歯ブラシスタンド グレー S,バス・洗面,450,在庫あり,94
P-0889,布団収納袋 テラコッタ M,収納用品,1600,在庫あり,63
P-0890,箸置きセット ホワイト M,テーブルウェア,700,在庫あり,39
P-0891,珪藻土水切りマット ネイビー S,キッチン用品,1170,残りわずか,8
P-0892,シリコン調理スプーン カーキ L,キッチン用品,800,在庫あり,87
P-0893,ホッチキス ネイビー M,文房具,750,在庫あり,18
P-0894,シリコン調理スプーン グレー S,キッチン用品,630,在庫あり,28
P-0895,観葉植物ポット ホワイト M,インテリア雑貨,1800,在庫あり,44
P-0896,竹製菜箸 ブラック L,キッチン用品,520,在庫あり,103
P-0897,竹製菜箸 ブラック M,キッチン用品,450,在庫あり,36
P-0898,フラワーベース テラコッタ S,インテリア雑貨,1980,在庫あり,96
P-0899,ヘアドライタオル カーキ L,バス・洗面,920,在庫あり,96
P-0900,鍋つかみミトン ネイビー L,キッチン用品,690,在庫あり,11
P-0901,ラグマット ブラック L,インテリア雑貨,6320,残りわずか,1
P-0902,仕切りケース ブラック S,収納用品,720,在庫あり,14
P-0903,ガラス保存容器 ブラック S,キッチン用品,900,在庫あり,89
P-0904,ティーポット ベージュ L,テーブルウェア,2760,在庫切れ,0
P-0905,万年筆カートリッジ テラコッタ M,文房具,550,在庫あり,27
P-0906,ティーポット ベージュ M,テーブルウェア,2400,在庫あり,119
P-0907,豆皿 テラコッタ M,テーブルウェア,500,在庫あり,44
P-0908,竹製菜箸 ベージュ L,キッチン用品,520,残りわずか,5
P-0909,クッションカバー ベージュ S,インテリア雑貨,1440,在庫あり,104
P-0910,万年筆カートリッジ グレー S,文房具,500,在庫切れ,0
P-0911,ヘキサタープ ベージュ S,アウトドア,6750,在庫あり,80
P-0912,クリップボード ネイビー S,文房具,540,在庫あり,24
P-0913,万年筆カートリッジ ブルーグレー S,文房具,500,在庫あり,77
P-0914,アロマディフューザー テラコッタ M,インテリア雑貨,3500,在庫あり,62
P-0915,吊り下げ収納 ホワイト S,収納用品,1080,在庫あり,95
P-0916,豆皿 ネイビー L,テーブルウェア,580,在庫あり,74
P-0917,ガラス保存容器 ホワイト S,キッチン用品,900,在庫あり,46
P-0918,ランドリーバスケット ホワイト L,バス・洗面,2070,在庫あり,39
P-0919,吊り下げ収納 ベージュ S,収納用品,1080,在庫あり,95
P-0920,ホーロー両手鍋 ベージュ L,キッチン用品,3680,在庫あり,57
P-0921,バススポンジ ベージュ L,バス・洗面,460,在庫あり,35
P-0922,クリップボード ベージュ L,文房具,690,在庫あり,89
P-0923,事務はさみ ブルーグレー M,文房具,480,在庫あり,68
P-0924,焚き火台 ベージュ S,アウトドア,7650,在庫あり,49
P-0925,ダブルクリップ グレー S,文房具,200,在庫あり,119
P-0926,布団収納袋 ブルーグレー S,収納用品,1440,在庫あり,101
P-0927,ワイヤーバスケット ホワイト S,収納用品,1260,残りわずか,8
P-0928,ラグマット カーキ L,インテリア雑貨,6320,残りわずか,9
P-0929,豆皿 ネイビー M,テーブルウェア,500,在庫あり,55
P-0930,吊り下げ収納 カーキ S,収納用品,1080,在庫あり,69
P-0931,ステンレスタンブラー ブルーグレー L,キッチン用品,1610,在庫あり,36
P-0932,壁掛け時計 テラコッタ M,インテリア雑貨,2800,在庫あり,36
P-0933,珪藻土水切りマット テラコッタ L,キッチン用品,1490,在庫あり,21
P-0934,蛍光マーカー カーキ L,文房具,230,残りわずか,3
P-0935,シャープペンシル ブラック L,文房具,520,在庫あり,93
P-0936,洗面器 ネイビー M,バス・洗面,700,在庫あり,50
P-0937,A5ノート グレー M,文房具,320,残りわずか,8
P-0938,万年筆カートリッジ ブラック M,文房具,550,在庫あり,44
P-0939,マスキングテープ ネイビー S,文房具,220,在庫あり,24
P-0940,クッカーセット グレー S,アウトドア,3780,在庫あり,104
P-0941,修正テープ カーキ L,文房具,320,在庫あり,57
P-0942,キャスター付きワゴン ベージュ L,収納用品,5520,在庫あり,17
P-0943,ランドリーバスケット グレー L,バス・洗面,2070,在庫あり,32
P-0944,クッションカバー ネイビー M,インテリア雑貨,1600,在庫あり,50
P-0945,折りたたみチェア ホワイト S,アウトドア,3150,残りわずか,9
P-0946,蕎麦猪口 ネイビー S,テーブルウェア,720,在庫あり,69
P-0947,ヘキサタープ ブラック M,アウトドア,7500,在庫切れ,0
P-0948,ホッチキス ブラック M,文房具,750,在庫あり,76
P-0949,ステンレスピーラー ブラック L,キッチン用品,750,在庫あり,49
P-0950,ラグマット ベージュ M,インテリア雑貨,5500,残りわずか,1
P-0951,オイルボトル ブルーグレー S,キッチン用品,720,在庫あり,92
P-0952,ステンレスピーラー テラコッタ S,キッチン用品,580,在庫あり,31
P-0953,箸置きセット ベージュ S,テーブルウェア,630,残りわずか,9
P-0954,竹製菜箸 カーキ L,キッチン用品,520,在庫あり,54
P-0955,木製カトラリーセット グレー L,テーブルウェア,2070,在庫あり,20
P-0956,ホッチキス ネイビー S,文房具,680,残りわずか,7
P-0957,今治タオル ネイビー L,バス・洗面,1380,在庫あり,37
P-0958,クリアファイル10枚組 グレー S,文房具,360,在庫あり,34
P-0959,ゲルインクボールペン グレー S,文房具,160,在庫あり,86
P-0960,ウォールシェルフ カーキ S,インテリア雑貨,2340,在庫切れ,0
P-0961,付箋セット ブラック M,文房具,350,在庫あり,78
P-0962,ヘキサタープ グレー S,アウトドア,6750,在庫あり,90
P-0963,ステンレスざる ブルーグレー S,キッチン用品,990,在庫あり,97
P-0964,ステンレスピーラー ネイビー L,キッチン用品,750,在庫あり,49
P-0965,歯ブラシスタンド ブルーグレー M,バス・洗面,500,在庫あり,103
P-0966,書類トレー ベージュ M,収納用品,1000,在庫あり,39
P-0967,アロマディフューザー カーキ M,インテリア雑貨,3500,在庫あり,112
P-0968,ウォータージャグ ブラック L,アウトドア,3680,残りわずか,3
P-0969,フォトフレーム ブルーグレー S,インテリア雑貨,1350,在庫あり,58
P-0970,ドライフラワースワッグ ブルーグレー M,インテリア雑貨,2400,在庫あり,91
P-0971,鍋つかみミトン テラコッタ M,キッチン用品,600,在庫切れ,0
P-0972,ラグマット ベージュ L,インテリア雑貨,6320,在庫あり,104
P-0973,壁掛け時計 ベージュ M,インテリア雑貨,2800,在庫あり,27
P-0974,クッカーセット ブラック M,アウトドア,4200,在庫あり,22
P-0975,シャワーラック ブルーグレー S,バス・洗面,1440,在庫あり,40
P-0976,ガラス保存容器 ブラック L,キッチン用品,1150,在庫あり,63
P-0977,キャンドルホルダー カーキ M,インテリア雑貨,1300,在庫あり,49
P-0978,キャンドルホルダー ホワイト M,インテリア雑貨,1300,在庫あり,87
P-0979,ランドリーバスケット カーキ L,バス・洗面,2070,在庫あり,55
P-0980,マスキングテープ ネイビー L,文房具,290,在庫あり,76
P-0981,シャープペンシル カーキ M,文房具,450,残りわずか,8
P-0982,アロマディフューザー テラコッタ S,インテリア雑貨,3150,在庫あり,36
P-0983,A5ノート グレー L,文房具,370,在庫あり,48
P-0984,ヘアドライタオル ブルーグレー M,バス・洗面,800,在庫あり,99
P-0985,書類トレー ブルーグレー M,収納用品,1000,在庫あり,18
P-0986,壁掛け時計 テラコッタ S,インテリア雑貨,2520,在庫あり,101
P-0987,仕切りケース テラコッタ S,収納用品,720,在庫あり,62
P-0988,ハンガーラック ブラック L,収納用品,5180,在庫あり,67
P-0989,折りたたみチェア カーキ L,アウトドア,4020,在庫あり,114
P-0990,バスマット ホワイト L,バス・洗面,1720,在庫あり,81
P-0991,ホーロー両手鍋 ブラック M,キッチン用品,3200,在庫あり,105
P-0992,サラダボウル ブルーグレー L,テーブルウェア,1490,在庫あり,113
P-0993,耐熱グラス グレー L,テーブルウェア,1040,在庫あり,62
P-0994,ブランケット テラコッタ S,インテリア雑貨,2700,在庫あり,68
P-0995,木製カッティングボード ブルーグレー S,キッチン用品,1620,在庫あり,69
P-0996,ワイヤーバスケット カーキ L,収納用品,1610,在庫切れ,0
P-0997,マスキングテープ ホワイト M,文房具,250,在庫あり,49
P-0998,アルミローテーブル ホワイト M,アウトドア,4500,在庫切れ,0
P-0999,珪藻土バスマット グレー L,バス・洗面,2530,残りわずか,2
P-1000,キッチンタイマー ベージュ S,キッチン用品,810,残りわずか,6
